variant,time_index,sigma_index,path_count,bounce_0,bounce_1,bounce_2,bounce_3,reconstruction_nrmse
static,0,,58,1,6,17,34,1.0808537354023429e-07
static,1,,59,1,6,17,35,9.380720911167373e-08
static,2,,59,1,6,16,36,1.0265436856116139e-07
static,3,,60,1,6,16,37,8.894024006167456e-08
static,4,,60,1,6,16,37,9.148366331146462e-08
static,5,,61,1,6,17,37,9.971736147917909e-08
static,6,,61,1,6,17,37,8.805220375052158e-08
static,7,,60,1,6,17,36,1.0737453237652517e-07
static,8,,59,1,6,17,35,9.928572097805954e-08
static,9,,59,1,6,17,35,1.0776978598414644e-07
static,10,,59,1,6,17,35,1.0278115780693042e-07
static,11,,58,1,6,16,35,1.1292348034430688e-07
static,12,,58,1,6,16,35,9.19644520536167e-08
static,13,,57,1,6,16,34,9.992802318947724e-08
static,14,,57,1,6,16,34,1.0142458961581724e-07
static,15,,57,1,6,16,34,9.256631727794229e-08
static,16,,57,1,6,16,34,8.998258493875255e-08
static,17,,57,1,6,16,34,9.965234681885704e-08
static,18,,57,1,6,16,34,9.416908142156899e-08
static,19,,56,1,6,16,33,8.334157541867171e-08
true,0,,58,1,6,17,34,1.0808537354023429e-07
true,1,,59,1,6,17,35,9.380720911167373e-08
true,2,,59,1,6,16,36,1.0265436856116139e-07
true,3,,57,1,5,16,35,1.0478945711156484e-07
true,4,,60,1,6,16,37,9.148366331146462e-08
true,5,,62,1,6,17,38,1.0352302126648283e-07
true,6,,40,0,2,11,27,1.4900254541316826e-07
true,7,,57,1,5,16,35,1.1070005712099373e-07
true,8,,63,1,6,17,39,1.017450514950724e-07
true,9,,36,0,2,9,25,1.6091696863895777e-07
true,10,,59,1,6,17,35,1.0278115780693042e-07
true,11,,58,1,6,17,34,1.0162693087067964e-07
true,12,,42,0,2,11,29,1.576962347371591e-07
true,13,,47,0,3,13,31,2.557503648858983e-07
true,14,,54,1,5,15,33,1.0503352854129844e-07
true,15,,57,1,6,16,34,9.287960267556628e-08
true,16,,48,0,3,13,32,2.589927987628471e-07
true,17,,60,1,6,17,36,8.229878289967019e-08
true,18,,42,0,2,11,29,1.452817883773605e-07
true,19,,57,1,6,17,33,8.404559537211753e-08
scalar,0,,58,1,6,17,34,1.0808537354023429e-07
scalar,1,,59,1,6,17,35,9.380720911167373e-08
scalar,2,,59,1,6,16,36,1.0265436856116139e-07
scalar,3,,61,1,6,17,37,8.467797840694402e-08
scalar,4,,60,1,6,16,37,9.148366331146462e-08
scalar,5,,60,1,6,16,37,1.1261460031164461e-07
scalar,6,,55,1,5,16,33,9.218020835533025e-08
scalar,7,,60,1,6,17,36,1.0737453237652517e-07
scalar,8,,60,1,6,16,37,1.069625525929041e-07
scalar,9,,43,0,3,11,29,1.28787874587033e-07
scalar,10,,59,1,6,17,35,1.0278115780693042e-07
scalar,11,,62,1,6,17,38,1.108322038589904e-07
scalar,12,,55,1,5,15,34,9.386119614873678e-08
scalar,13,,57,1,6,16,34,1.043325781324711e-07
scalar,14,,57,1,6,16,34,1.0066172961842312e-07
scalar,15,,57,1,6,16,34,1.0905812075634458e-07
scalar,16,,53,1,5,15,32,1.0020413299116626e-07
scalar,17,,56,1,6,16,33,7.871233975720315e-08
scalar,18,,54,1,5,15,33,9.59651700327413e-08
scalar,19,,57,1,6,16,34,8.949611896014176e-08
noisy_0,0,,58,1,6,17,34,1.042204473833408e-07
noisy_0,1,,58,1,6,17,34,8.876965296167327e-08
noisy_0,2,,60,1,6,16,37,1.0328530208880693e-07
noisy_0,3,,58,1,5,16,36,8.594137312911698e-08
noisy_0,4,,60,1,6,16,37,9.727106942136743e-08
noisy_0,5,,63,1,6,18,38,1.014794293041632e-07
noisy_0,6,,40,0,2,11,27,1.4900254541316826e-07
noisy_0,7,,56,1,5,16,34,1.0717273113414194e-07
noisy_0,8,,63,1,6,17,39,9.536807965560001e-08
noisy_0,9,,33,0,2,8,23,1.1505999708560921e-07
noisy_0,10,,60,1,6,18,35,9.762884189967735e-08
noisy_0,11,,66,1,7,20,38,1.1317212766925877e-07
noisy_0,12,,41,0,2,11,28,1.4978920148678299e-07
noisy_0,13,,44,0,3,11,30,3.8715359096386237e-07
noisy_0,14,,54,1,5,15,33,1.020602624635103e-07
noisy_0,15,,60,1,6,17,36,1.024252114234514e-07
noisy_0,16,,42,0,2,11,29,2.3766219214849116e-07
noisy_0,17,,64,1,6,19,38,8.705454490609554e-08
noisy_0,18,,42,0,2,11,29,1.3562868161898223e-07
noisy_0,19,,61,1,6,18,36,8.427041109371203e-08
filtered_0,0,,58,1,6,17,34,9.99508387167225e-08
filtered_0,1,,58,1,6,17,34,9.142582513277375e-08
filtered_0,2,,60,1,6,16,37,9.274770462752713e-08
filtered_0,3,,60,1,6,16,37,7.888820618973114e-08
filtered_0,4,,61,1,6,17,37,1.0247969584042949e-07
filtered_0,5,,62,1,6,18,37,8.848843435771414e-08
filtered_0,6,,57,1,5,16,35,8.587203836896151e-08
filtered_0,7,,57,1,5,16,35,1.1417277789860236e-07
filtered_0,8,,47,0,3,13,31,1.2438722762908583e-07
filtered_0,9,,39,0,2,10,27,1.1684438305792355e-07
filtered_0,10,,51,1,5,14,31,9.757160768231188e-08
filtered_0,11,,57,1,6,16,34,1.2006189820112922e-07
filtered_0,12,,54,1,5,15,33,9.898064945446094e-08
filtered_0,13,,46,0,3,12,31,2.306466342361091e-07
filtered_0,14,,55,1,5,15,34,1.0953842632943633e-07
filtered_0,15,,55,1,5,15,34,1.0206236567000815e-07
filtered_0,16,,47,0,3,13,31,8.672912343854478e-08
filtered_0,17,,48,0,3,13,32,1.0361602420516647e-07
filtered_0,18,,41,0,3,11,27,1.2468412080579583e-07
filtered_0,19,,57,1,6,17,33,8.617961810841734e-08
marginal_0,0,0,58,1,6,17,34,9.99508387167225e-08
marginal_0,0,1,58,1,6,17,34,1.0076663414793074e-07
marginal_0,0,2,58,1,6,17,34,1.0177830489510598e-07
marginal_0,0,3,57,1,6,17,33,1.0142004214230838e-07
marginal_0,0,4,60,1,6,18,35,1.1059821503067724e-07
marginal_0,0,5,60,1,6,18,35,1.0095254054931502e-07
marginal_0,0,6,58,1,6,17,34,9.925933142085341e-08
marginal_0,1,0,58,1,6,17,34,9.142582513277375e-08
marginal_0,1,1,58,1,6,17,34,9.131257172612095e-08
marginal_0,1,2,58,1,6,17,34,8.908465076729044e-08
marginal_0,1,3,58,1,6,16,35,9.303394676862808e-08
marginal_0,1,4,58,1,6,17,34,8.824783748195841e-08
marginal_0,1,5,57,1,6,17,33,1.0334424871416559e-07
marginal_0,1,6,60,1,6,18,35,7.890943010124829e-08
marginal_0,2,0,60,1,6,16,37,9.274770462752713e-08
marginal_0,2,1,60,1,6,16,37,9.168173420448511e-08
marginal_0,2,2,59,1,6,16,36,8.805275797385548e-08
marginal_0,2,3,61,1,6,16,38,9.476304541067293e-08
marginal_0,2,4,58,1,6,17,34,1.1074135386479611e-07
marginal_0,2,5,58,1,6,16,35,8.699674935996882e-08
marginal_0,2,6,63,1,6,18,38,9.40569648832934e-08
marginal_0,3,0,60,1,6,16,37,7.888820618973114e-08
marginal_0,3,1,60,1,6,16,37,9.51612832977844e-08
marginal_0,3,2,60,1,6,16,37,8.362545145246258e-08
marginal_0,3,3,61,1,6,16,38,8.647746341239326e-08
marginal_0,3,4,60,1,6,17,36,9.475440521100609e-08
marginal_0,3,5,59,1,6,16,36,9.057412597712755e-08
marginal_0,3,6,62,1,6,17,38,8.817890062573497e-08
marginal_0,4,0,61,1,6,17,37,1.0247969584042949e-07
marginal_0,4,1,61,1,6,17,37,1.0075612522086885e-07
marginal_0,4,2,61,1,6,17,37,1.0718843412860224e-07
marginal_0,4,3,60,1,6,16,37,9.791444455231613e-08
marginal_0,4,4,60,1,6,17,36,1.0340079370507738e-07
marginal_0,4,5,63,1,6,18,38,1.154313338247448e-07
marginal_0,4,6,63,1,6,18,38,1.0204878719832777e-07
marginal_0,5,0,62,1,6,18,37,8.848843435771414e-08
marginal_0,5,1,62,1,6,18,37,1.0314904841379757e-07
marginal_0,5,2,62,1,6,18,37,8.951217012054258e-08
marginal_0,5,3,64,1,6,18,39,9.713978244008104e-08
marginal_0,5,4,57,1,5,16,35,9.391659006041664e-08
marginal_0,5,5,57,1,5,16,35,9.621079044563885e-08
marginal_0,5,6,60,1,6,17,36,1.1105635167041328e-07
marginal_0,6,0,57,1,5,16,35,8.587203836896151e-08
marginal_0,6,1,57,1,5,16,35,9.555529345561808e-08
marginal_0,6,2,57,1,5,16,35,8.277099539100163e-08
marginal_0,6,3,57,1,5,16,35,8.881102075974923e-08
marginal_0,6,4,54,1,5,15,33,9.265015421533462e-08
marginal_0,6,5,58,1,5,16,36,8.624483882613276e-08
marginal_0,6,6,57,1,5,16,35,9.269237466469349e-08
marginal_0,7,0,57,1,5,16,35,1.1417277789860236e-07
marginal_0,7,1,57,1,5,16,35,1.1338974559294002e-07
marginal_0,7,2,57,1,5,16,35,1.1152919654477955e-07
marginal_0,7,3,56,1,5,16,34,1.2224619183598406e-07
marginal_0,7,4,47,0,3,13,31,9.809337342403524e-08
marginal_0,7,5,57,1,5,16,35,1.2270528770841338e-07
marginal_0,7,6,54,1,5,15,33,1.042484996105486e-07
marginal_0,8,0,47,0,3,13,31,1.2438722762908583e-07
marginal_0,8,1,47,0,3,13,31,1.3093664108509984e-07
marginal_0,8,2,47,0,3,13,31,1.2552945349852962e-07
marginal_0,8,3,54,1,5,15,33,1.0829125329792078e-07
marginal_0,8,4,47,0,3,13,31,2.2610380767673632e-07
marginal_0,8,5,47,0,3,13,31,1.1135174560195082e-07
marginal_0,8,6,47,0,3,13,31,2.194827857238124e-07
marginal_0,9,0,39,0,2,10,27,1.1684438305792355e-07
marginal_0,9,1,39,0,2,10,27,1.1805956745547519e-07
marginal_0,9,2,40,0,2,10,28,1.2327940623890754e-07
marginal_0,9,3,45,0,3,12,30,2.143943618193589e-07
marginal_0,9,4,37,0,2,9,26,9.171135673113895e-08
marginal_0,9,5,36,0,2,9,25,1.0463089239465262e-07
marginal_0,9,6,46,0,3,12,31,1.38277329142511e-07
marginal_0,10,0,51,1,5,14,31,9.757160768231188e-08
marginal_0,10,1,51,1,5,14,31,8.803591811101796e-08
marginal_0,10,2,51,1,5,14,31,9.570466374952957e-08
marginal_0,10,3,55,1,5,15,34,9.959563840311603e-08
marginal_0,10,4,42,0,3,11,28,1.0831271168854073e-07
marginal_0,10,5,51,1,5,14,31,9.824876912034597e-08
marginal_0,10,6,54,1,5,15,33,9.764745101392691e-08
marginal_0,11,0,57,1,6,16,34,1.2006189820112922e-07
marginal_0,11,1,59,1,6,17,35,9.849248527871168e-08
marginal_0,11,2,57,1,6,16,34,1.1677312272695417e-07
marginal_0,11,3,59,1,6,17,35,1.1517599318722205e-07
marginal_0,11,4,54,1,5,15,33,1.0648358284015558e-07
marginal_0,11,5,54,1,6,15,32,1.1932947074910771e-07
marginal_0,11,6,59,1,6,17,35,1.0136181316511284e-07
marginal_0,12,0,54,1,5,15,33,9.898064945446094e-08
marginal_0,12,1,55,1,5,15,34,9.935079248180045e-08
marginal_0,12,2,54,1,5,15,33,8.999892031624768e-08
marginal_0,12,3,54,1,5,15,33,9.460273275863074e-08
marginal_0,12,4,45,0,3,12,30,3.0950383234085166e-07
marginal_0,12,5,54,1,5,15,33,8.628613556993514e-08
marginal_0,12,6,54,1,5,15,33,1.02776837707097e-07
marginal_0,13,0,46,0,3,12,31,2.306466342361091e-07
marginal_0,13,1,46,0,3,12,31,2.5886564003485546e-07
marginal_0,13,2,46,0,3,12,31,2.3039979168970603e-07
marginal_0,13,3,54,1,5,15,33,8.294827580357378e-08
marginal_0,13,4,44,0,3,12,29,2.792723989841761e-07
marginal_0,13,5,45,0,3,12,30,6.183120717651036e-07
marginal_0,13,6,55,1,5,15,34,8.39911180605668e-08
marginal_0,14,0,55,1,5,15,34,1.0953842632943633e-07
marginal_0,14,1,55,1,5,15,34,1.0785342396957276e-07
marginal_0,14,2,55,1,5,15,34,1.221029322096001e-07
marginal_0,14,3,48,0,3,13,32,1.9795703565250733e-07
marginal_0,14,4,54,1,5,15,33,9.389438559992414e-08
marginal_0,14,5,54,1,5,15,33,9.351251151201723e-08
marginal_0,14,6,46,0,3,12,31,1.9950324769979488e-07
marginal_0,15,0,55,1,5,15,34,1.0206236567000815e-07
marginal_0,15,1,55,1,5,15,34,1.063315124838482e-07
marginal_0,15,2,55,1,5,15,34,1.1092216567476498e-07
marginal_0,15,3,54,1,5,15,33,9.620561769452252e-08
marginal_0,15,4,48,0,3,13,32,1.296192948530006e-07
marginal_0,15,5,54,1,5,15,33,9.777774323538324e-08
marginal_0,15,6,49,0,3,13,33,1.136893388320459e-07
marginal_0,16,0,47,0,3,13,31,8.672912343854478e-08
marginal_0,16,1,47,0,3,13,31,9.612921303414623e-08
marginal_0,16,2,47,0,3,13,31,1.0245319259638563e-07
marginal_0,16,3,54,1,5,15,33,1.0585561227571816e-07
marginal_0,16,4,48,0,3,13,32,8.483048929974757e-08
marginal_0,16,5,48,0,3,13,32,2.534530949560576e-07
marginal_0,16,6,48,0,3,13,32,2.2875661898069666e-07
marginal_0,17,0,48,0,3,13,32,1.0361602420516647e-07
marginal_0,17,1,48,0,3,13,32,1.12002481955642e-07
marginal_0,17,2,48,0,3,13,32,9.077700013904177e-08
marginal_0,17,3,48,0,3,13,32,7.549603964207563e-08
marginal_0,17,4,42,0,2,11,29,3.7152136656004586e-07
marginal_0,17,5,47,0,3,13,31,1.7044695255208353e-07
marginal_0,17,6,48,0,3,13,32,7.759561526654579e-08
marginal_0,18,0,41,0,3,11,27,1.2468412080579583e-07
marginal_0,18,1,41,0,3,11,27,1.2827138107240899e-07
marginal_0,18,2,41,0,3,11,27,1.2396048987284303e-07
marginal_0,18,3,51,1,5,14,31,1.1150302015039415e-07
marginal_0,18,4,33,0,1,8,24,3.7254497442518186e-07
marginal_0,18,5,35,0,2,9,24,1.4302212036909623e-07
marginal_0,18,6,45,0,3,12,30,1.1736402427686699e-07
marginal_0,19,0,57,1,6,17,33,8.617961810841734e-08
marginal_0,19,1,57,1,6,17,33,8.790786409917928e-08
marginal_0,19,2,57,1,6,17,33,8.66428635504235e-08
marginal_0,19,3,57,1,6,17,33,7.247246003316832e-08
marginal_0,19,4,59,1,6,17,35,9.957330604493109e-08
marginal_0,19,5,59,1,6,17,35,9.187211702510467e-08
marginal_0,19,6,56,1,6,16,33,9.122163646679837e-08
noisy_1,0,,57,1,6,16,34,1.0632962244017108e-07
noisy_1,1,,58,1,6,17,34,9.123181854420181e-08
noisy_1,2,,63,1,6,17,39,8.837193377075891e-08
noisy_1,3,,57,1,5,16,35,8.521337235833926e-08
noisy_1,4,,62,1,6,17,38,1.0404436778799209e-07
noisy_1,5,,62,1,6,18,37,1.0591058696718392e-07
noisy_1,6,,41,0,2,11,28,1.4079778054565395e-07
noisy_1,7,,63,1,6,18,38,1.1102728336709333e-07
noisy_1,8,,62,1,6,17,38,9.946046475306503e-08
noisy_1,9,,39,0,2,10,27,1.3940054088834586e-07
noisy_1,10,,61,1,6,18,36,9.940050205159423e-08
noisy_1,11,,65,1,6,19,39,1.1986105619143927e-07
noisy_1,12,,42,0,2,11,29,1.5073572967594373e-07
noisy_1,13,,47,0,3,13,31,2.55225103273915e-07
noisy_1,14,,56,1,5,15,35,1.0107389414315548e-07
noisy_1,15,,56,1,6,16,33,1.0135718753190304e-07
noisy_1,16,,47,0,3,13,31,2.468103161845647e-07
noisy_1,17,,61,1,6,18,36,9.436384829086819e-08
noisy_1,18,,41,0,2,11,28,1.167284224834475e-07
noisy_1,19,,62,1,7,19,35,8.779989002505317e-08
filtered_1,0,,57,1,6,16,34,9.884393392667334e-08
filtered_1,1,,58,1,6,16,35,9.881044604753697e-08
filtered_1,2,,63,1,6,18,38,9.205637496734198e-08
filtered_1,3,,58,1,5,16,36,8.095926773421525e-08
filtered_1,4,,57,1,5,16,35,8.804736495449106e-08
filtered_1,5,,57,1,5,16,35,1.0361441837858365e-07
filtered_1,6,,54,1,5,15,33,1.0297600994135792e-07
filtered_1,7,,57,1,5,16,35,1.1849964209886821e-07
filtered_1,8,,47,0,3,13,31,1.2791947767709644e-07
filtered_1,9,,46,0,3,12,31,3.8279617342595884e-07
filtered_1,10,,54,1,5,15,33,9.882673168704059e-08
filtered_1,11,,55,1,5,15,34,1.1947805944600987e-07
filtered_1,12,,45,0,3,12,30,3.9929690842654963e-07
filtered_1,13,,46,0,3,13,30,1.9389737815345143e-07
filtered_1,14,,46,0,3,13,30,3.943432886899245e-07
filtered_1,15,,47,0,3,13,31,1.0636050262746721e-07
filtered_1,16,,48,0,3,13,32,8.602530243706497e-08
filtered_1,17,,48,0,3,13,32,9.216800123112989e-08
filtered_1,18,,43,0,3,12,28,1.734099583927673e-07
filtered_1,19,,58,1,6,17,34,8.071355495076205e-08
marginal_1,0,0,57,1,6,16,34,9.884393392667334e-08
marginal_1,0,1,58,1,6,16,35,1.0146182916059843e-07
marginal_1,0,2,57,1,6,16,34,1.0233552671934376e-07
marginal_1,0,3,57,1,6,16,34,9.692037394870567e-08
marginal_1,0,4,58,1,6,17,34,1.1134441990634514e-07
marginal_1,0,5,56,1,6,16,33,1.0394432337079706e-07
marginal_1,0,6,59,1,6,17,35,1.0924135551704239e-07
marginal_1,1,0,58,1,6,16,35,9.881044604753697e-08
marginal_1,1,1,58,1,6,16,35,1.0420220775131384e-07
marginal_1,1,2,57,1,6,16,34,9.803161304944297e-08
marginal_1,1,3,59,1,6,16,36,8.498118120314757e-08
marginal_1,1,4,60,1,6,18,35,8.724649092073378e-08
marginal_1,1,5,58,1,6,16,35,9.853867055653609e-08
marginal_1,1,6,56,1,5,16,34,9.401734502034742e-08
marginal_1,2,0,63,1,6,18,38,9.205637496734198e-08
marginal_1,2,1,63,1,6,18,38,8.755822022976645e-08
marginal_1,2,2,63,1,6,18,38,1.0416684403935506e-07
marginal_1,2,3,63,1,6,17,39,9.401866662983593e-08
marginal_1,2,4,56,1,5,16,34,9.221771790635103e-08
marginal_1,2,5,60,1,6,16,37,9.520636723436837e-08
marginal_1,2,6,58,1,5,16,36,1.0689139173791773e-07
marginal_1,3,0,58,1,5,16,36,8.095926773421525e-08
marginal_1,3,1,58,1,5,16,36,8.130375306336646e-08
marginal_1,3,2,58,1,5,16,36,8.758942016129367e-08
marginal_1,3,3,62,1,6,17,38,9.39477828865165e-08
marginal_1,3,4,57,1,5,16,35,8.536675011328043e-08
marginal_1,3,5,61,1,6,17,37,9.07514063896997e-08
marginal_1,3,6,57,1,5,16,35,9.6256414394702e-08
marginal_1,4,0,57,1,5,16,35,8.804736495449106e-08
marginal_1,4,1,57,1,5,16,35,9.265119160772883e-08
marginal_1,4,2,57,1,5,16,35,8.660907013791075e-08
marginal_1,4,3,63,1,6,18,38,1.0133425831782006e-07
marginal_1,4,4,57,1,5,16,35,8.648549965073471e-08
marginal_1,4,5,60,1,6,17,36,1.0003171979633407e-07
marginal_1,4,6,57,1,5,16,35,1.0034651154455787e-07
marginal_1,5,0,57,1,5,16,35,1.0361441837858365e-07
marginal_1,5,1,56,1,5,16,34,1.1664378973819112e-07
marginal_1,5,2,57,1,5,16,35,9.619679985917173e-08
marginal_1,5,3,57,1,5,16,35,9.312346094247914e-08
marginal_1,5,4,54,1,5,15,33,1.1343206551828189e-07
marginal_1,5,5,57,1,5,16,35,1.1047661985230661e-07
marginal_1,5,6,56,1,5,16,34,1.0735550404206151e-07
marginal_1,6,0,54,1,5,15,33,1.0297600994135792e-07
marginal_1,6,1,54,1,5,15,33,9.028192238247357e-08
marginal_1,6,2,54,1,5,15,33,9.541871293095028e-08
marginal_1,6,3,56,1,5,16,34,9.969495096129322e-08
marginal_1,6,4,47,0,3,13,31,1.3417226796264003e-07
marginal_1,6,5,54,1,5,15,33,1.0493537416778054e-07
marginal_1,6,6,54,1,5,15,33,8.271020135453e-08
marginal_1,7,0,57,1,5,16,35,1.1849964209886821e-07
marginal_1,7,1,57,1,5,16,35,1.1714003278484597e-07
marginal_1,7,2,57,1,5,16,35,1.2249064695879497e-07
marginal_1,7,3,56,1,5,16,34,1.0554950335972535e-07
marginal_1,7,4,47,0,3,13,31,1.034166103863754e-07
marginal_1,7,5,57,1,5,16,35,1.1661192900191963e-07
marginal_1,7,6,54,1,5,15,33,1.1306777025765768e-07
marginal_1,8,0,47,0,3,13,31,1.2791947767709644e-07
marginal_1,8,1,47,0,3,13,31,1.3126486919645686e-07
marginal_1,8,2,47,0,3,13,31,1.4014285909524915e-07
marginal_1,8,3,57,1,5,16,35,9.722455018845721e-08
marginal_1,8,4,47,0,3,13,31,1.7052111900284217e-07
marginal_1,8,5,54,1,5,15,33,9.529986755296704e-08
marginal_1,8,6,47,0,3,13,31,1.9255287497799145e-07
marginal_1,9,0,46,0,3,12,31,3.8279617342595884e-07
marginal_1,9,1,46,0,3,12,31,3.127998695617862e-07
marginal_1,9,2,46,0,3,12,31,5.612179165837006e-07
marginal_1,9,3,47,0,3,13,31,1.8665986090127262e-07
marginal_1,9,4,40,0,2,10,28,9.554656799082295e-08
marginal_1,9,5,45,0,3,12,30,1.1200820893009222e-07
marginal_1,9,6,45,0,3,12,30,1.4153908978187246e-07
marginal_1,10,0,54,1,5,15,33,9.882673168704059e-08
marginal_1,10,1,55,1,5,15,34,9.756770680269256e-08
marginal_1,10,2,54,1,5,15,33,9.610997153686185e-08
marginal_1,10,3,55,1,5,15,34,9.371429854354574e-08
marginal_1,10,4,45,0,3,12,30,7.926612255459986e-08
marginal_1,10,5,54,1,5,15,33,1.0535285355217638e-07
marginal_1,10,6,55,1,5,15,34,1.0367825353796434e-07
marginal_1,11,0,55,1,5,15,34,1.1947805944600987e-07
marginal_1,11,1,55,1,5,15,34,1.0318416343579884e-07
marginal_1,11,2,55,1,5,15,34,1.0608219014329734e-07
marginal_1,11,3,58,1,6,16,35,1.0214060353064269e-07
marginal_1,11,4,55,1,5,15,34,1.0297245012225176e-07
marginal_1,11,5,54,1,5,15,33,1.0745154099822685e-07
marginal_1,11,6,55,1,5,15,34,1.1007760747361317e-07
marginal_1,12,0,45,0,3,12,30,3.9929690842654963e-07
marginal_1,12,1,45,0,3,12,30,3.8814343383819505e-07
marginal_1,12,2,45,0,3,12,30,3.8971455751379835e-07
marginal_1,12,3,54,1,5,15,33,9.35463688733762e-08
marginal_1,12,4,46,0,3,12,31,3.3182107017637463e-07
marginal_1,12,5,45,0,3,12,30,4.2814087919396115e-07
marginal_1,12,6,45,0,3,12,30,3.0040800425013003e-07
marginal_1,13,0,46,0,3,13,30,1.9389737815345143e-07
marginal_1,13,1,46,0,3,13,30,2.0331536632056668e-07
marginal_1,13,2,46,0,3,13,30,2.1728284593791614e-07
marginal_1,13,3,46,0,3,12,31,1.8962738579375582e-07
marginal_1,13,4,40,0,2,10,28,2.1427291585496278e-07
marginal_1,13,5,48,0,3,13,32,4.369248927105218e-07
marginal_1,13,6,47,0,3,13,31,2.5716289542287996e-07
marginal_1,14,0,46,0,3,13,30,3.943432886899245e-07
marginal_1,14,1,46,0,3,13,30,3.2230238389274746e-07
marginal_1,14,2,47,0,3,13,31,5.629325983136368e-07
marginal_1,14,3,47,0,3,12,32,2.7130914759254665e-07
marginal_1,14,4,47,0,3,13,31,2.3539540450201457e-07
marginal_1,14,5,44,0,3,12,29,3.6000872682961926e-07
marginal_1,14,6,47,0,3,13,31,2.994223109453742e-07
marginal_1,15,0,47,0,3,13,31,1.0636050262746721e-07
marginal_1,15,1,47,0,3,13,31,1.1220703299841261e-07
marginal_1,15,2,47,0,3,13,31,1.0085481960686593e-07
marginal_1,15,3,49,0,3,13,33,1.2816317962460744e-07
marginal_1,15,4,47,0,3,13,31,1.281568700051139e-07
marginal_1,15,5,47,0,3,13,31,1.1100674157660251e-07
marginal_1,15,6,46,0,3,13,30,1.943789555980402e-07
marginal_1,16,0,48,0,3,13,32,8.602530243706497e-08
marginal_1,16,1,48,0,3,13,32,9.474540263454401e-08
marginal_1,16,2,48,0,3,13,32,9.151189317435637e-08
marginal_1,16,3,47,0,3,13,31,8.717108812561492e-08
marginal_1,16,4,42,0,2,11,29,1.6376250755456567e-07
marginal_1,16,5,48,0,3,13,32,3.883263275383797e-07
marginal_1,16,6,47,0,3,13,31,4.0707465132072684e-07
marginal_1,17,0,48,0,3,13,32,9.216800123112989e-08
marginal_1,17,1,48,0,3,13,32,9.779827792044671e-08
marginal_1,17,2,48,0,3,13,32,9.390724642344139e-08
marginal_1,17,3,48,0,3,13,32,9.972523429269131e-08
marginal_1,17,4,42,0,2,11,29,1.3400811837982474e-07
marginal_1,17,5,42,0,2,11,29,1.419958692849832e-07
marginal_1,17,6,48,0,3,13,32,1.366706783301197e-07
marginal_1,18,0,43,0,3,12,28,1.734099583927673e-07
marginal_1,18,1,43,0,3,12,28,1.8888034958308708e-07
marginal_1,18,2,43,0,3,12,28,1.6976045458250155e-07
marginal_1,18,3,51,1,5,14,31,9.702113601406381e-08
marginal_1,18,4,30,0,1,7,22,1.579245179073041e-07
marginal_1,18,5,33,0,2,8,23,1.2436099439128157e-07
marginal_1,18,6,45,0,3,12,30,1.6099507149647252e-07
marginal_1,19,0,58,1,6,17,34,8.071355495076205e-08
marginal_1,19,1,60,1,6,17,36,8.236266069161502e-08
marginal_1,19,2,58,1,6,17,34,7.74741977238591e-08
marginal_1,19,3,63,1,7,19,36,8.309138621598322e-08
marginal_1,19,4,56,1,6,16,33,9.957570767937796e-08
marginal_1,19,5,57,1,6,16,34,8.433560338971802e-08
marginal_1,19,6,58,1,6,17,34,8.148771257765475e-08
noisy_2,0,,55,1,5,16,33,1.122458641589219e-07
noisy_2,1,,61,1,6,17,37,9.894414887412495e-08
noisy_2,2,,62,1,6,17,38,9.735969541679879e-08
noisy_2,3,,57,1,5,16,35,9.025050218269826e-08
noisy_2,4,,58,1,6,17,34,1.0633719682573428e-07
noisy_2,5,,62,1,6,17,38,1.0953242224331916e-07
noisy_2,6,,41,0,2,11,28,1.4161749106733623e-07
noisy_2,7,,56,1,5,16,34,1.0877722189661654e-07
noisy_2,8,,64,1,6,17,40,9.436531911433121e-08
noisy_2,9,,39,0,2,10,27,1.41866493663656e-07
noisy_2,10,,61,1,6,18,36,9.54066763370065e-08
noisy_2,11,,58,1,6,17,34,8.890240366099533e-08
noisy_2,12,,47,0,3,13,31,2.7294561277813045e-07
noisy_2,13,,47,0,3,13,31,2.702034009871568e-07
noisy_2,14,,54,1,5,15,33,9.568017134142792e-08
noisy_2,15,,57,1,6,16,34,9.191877836656204e-08
noisy_2,16,,48,0,3,13,32,2.4911136620175967e-07
noisy_2,17,,60,1,6,17,36,8.229878289967019e-08
noisy_2,18,,41,0,2,11,28,1.3601807324903348e-07
noisy_2,19,,62,1,7,18,36,8.128628792292147e-08
filtered_2,0,,55,1,5,16,33,9.770732134484206e-08
filtered_2,1,,58,1,6,17,34,9.229427178070182e-08
filtered_2,2,,59,1,6,17,35,1.0413466355885248e-07
filtered_2,3,,60,1,6,17,36,1.0014264262281358e-07
filtered_2,4,,63,1,6,18,38,9.443328252700667e-08
filtered_2,5,,57,1,5,16,35,1.0194252553219485e-07
filtered_2,6,,57,1,5,16,35,8.56310862218379e-08
filtered_2,7,,57,1,5,16,35,1.189921405853056e-07
filtered_2,8,,48,0,3,13,32,1.1299610491732892e-07
filtered_2,9,,46,0,3,12,31,2.3224363587814878e-07
filtered_2,10,,51,1,5,14,31,8.474547996684123e-08
filtered_2,11,,51,1,5,14,31,1.0716496490204008e-07
filtered_2,12,,40,0,2,10,28,1.2643798186218191e-07
filtered_2,13,,44,0,3,12,29,4.1370671510776447e-07
filtered_2,14,,47,0,3,13,31,5.736970933867269e-07
filtered_2,15,,47,0,3,13,31,1.565554015314774e-07
filtered_2,16,,48,0,3,13,32,9.881976836823014e-08
filtered_2,17,,43,0,2,11,30,8.150395842676517e-07
filtered_2,18,,30,0,1,7,22,1.579245179073041e-07
filtered_2,19,,58,1,6,17,34,8.289426745022865e-08
marginal_2,0,0,55,1,5,16,33,9.770732134484206e-08
marginal_2,0,1,55,1,5,16,33,9.209017548528209e-08
marginal_2,0,2,55,1,5,16,33,9.74376703766211e-08
marginal_2,0,3,57,1,6,17,33,1.0626248325706911e-07
marginal_2,0,4,55,1,5,16,33,9.271722944959038e-08
marginal_2,0,5,55,1,5,16,33,1.0370898451128596e-07
marginal_2,0,6,60,1,6,18,35,1.1209223771402321e-07
marginal_2,1,0,58,1,6,17,34,9.229427178070182e-08
marginal_2,1,1,58,1,6,17,34,9.121028199388093e-08
marginal_2,1,2,58,1,6,17,34,8.482118829533647e-08
marginal_2,1,3,58,1,6,17,34,1.0668016159343097e-07
marginal_2,1,4,60,1,6,18,35,1.0241641490438269e-07
marginal_2,1,5,57,1,6,17,33,1.0334424871416559e-07
marginal_2,1,6,60,1,6,18,35,8.777484339361763e-08
marginal_2,2,0,59,1,6,17,35,1.0413466355885248e-07
marginal_2,2,1,59,1,6,17,35,1.0378051484849493e-07
marginal_2,2,2,59,1,6,17,35,1.0059096666736878e-07
marginal_2,2,3,59,1,6,16,36,8.043556221082326e-08
marginal_2,2,4,58,1,6,17,34,1.0500438918370492e-07
marginal_2,2,5,61,1,6,18,36,9.175187187793199e-08
marginal_2,2,6,62,1,6,18,37,9.69200684153293e-08
marginal_2,3,0,60,1,6,17,36,1.0014264262281358e-07
marginal_2,3,1,60,1,6,17,36,9.107490939186391e-08
marginal_2,3,2,60,1,6,17,36,9.354591412602531e-08
marginal_2,3,3,60,1,6,17,36,9.030515712993292e-08
marginal_2,3,4,60,1,6,16,37,8.545787011371431e-08
marginal_2,3,5,60,1,6,17,36,8.704334675257996e-08
marginal_2,3,6,62,1,6,18,37,8.617895730367309e-08
marginal_2,4,0,63,1,6,18,38,9.443328252700667e-08
marginal_2,4,1,62,1,6,18,37,1.0345093670593997e-07
marginal_2,4,2,63,1,6,18,38,9.271006007338656e-08
marginal_2,4,3,61,1,6,17,37,1.0710493825172307e-07
marginal_2,4,4,57,1,5,16,35,9.620524110687256e-08
marginal_2,4,5,57,1,5,16,35,9.296520886437065e-08
marginal_2,4,6,59,1,6,17,35,9.931045497069135e-08
marginal_2,5,0,57,1,5,16,35,1.0194252553219485e-07
marginal_2,5,1,57,1,5,16,35,1.1878032779577552e-07
marginal_2,5,2,57,1,5,16,35,1.0824651752727732e-07
marginal_2,5,3,62,1,6,18,37,9.655269650465925e-08
marginal_2,5,4,57,1,5,16,35,1.1178796910371602e-07
marginal_2,5,5,57,1,5,16,35,9.022702585070874e-08
marginal_2,5,6,57,1,5,16,35,1.0223728708069757e-07
marginal_2,6,0,57,1,5,16,35,8.56310862218379e-08
marginal_2,6,1,57,1,5,16,35,8.636699533326464e-08
marginal_2,6,2,57,1,5,16,35,9.228159569829586e-08
marginal_2,6,3,57,1,5,16,35,9.307937887115258e-08
marginal_2,6,4,47,0,3,13,31,1.8086184638832492e-07
marginal_2,6,5,57,1,5,16,35,9.500603681544817e-08
marginal_2,6,6,57,1,5,16,35,9.392359601179123e-08
marginal_2,7,0,57,1,5,16,35,1.189921405853056e-07
marginal_2,7,1,57,1,5,16,35,1.178497157638958e-07
marginal_2,7,2,57,1,5,16,35,1.0599662658705711e-07
marginal_2,7,3,56,1,5,16,34,1.1446911685197847e-07
marginal_2,7,4,48,0,3,13,32,1.1475793115778288e-07
marginal_2,7,5,57,1,5,16,35,1.1100658525720064e-07
marginal_2,7,6,53,1,5,15,32,1.3625808037431852e-07
marginal_2,8,0,48,0,3,13,32,1.1299610491732892e-07
marginal_2,8,1,48,0,3,13,32,1.2472189325762884e-07
marginal_2,8,2,48,0,3,13,32,1.0313536336070683e-07
marginal_2,8,3,57,1,5,16,35,8.791621297632446e-08
marginal_2,8,4,47,0,3,13,31,1.4333512865505327e-07
marginal_2,8,5,54,1,5,15,33,8.974750898005368e-08
marginal_2,8,6,48,0,3,13,32,1.557255728812379e-07
marginal_2,9,0,46,0,3,12,31,2.3224363587814878e-07
marginal_2,9,1,46,0,3,12,31,1.991916889210188e-07
marginal_2,9,2,46,0,3,12,31,2.823706779508939e-07
marginal_2,9,3,47,0,3,13,31,1.8415957470097055e-07
marginal_2,9,4,40,0,2,10,28,8.525336170350784e-08
marginal_2,9,5,45,0,3,12,30,1.177509574290525e-07
marginal_2,9,6,46,0,3,12,31,1.5271344011580368e-07
marginal_2,10,0,51,1,5,14,31,8.474547996684123e-08
marginal_2,10,1,51,1,5,14,31,1.0117503279616358e-07
marginal_2,10,2,51,1,5,14,31,9.489951224850302e-08
marginal_2,10,3,57,1,6,16,34,8.378964366784203e-08
marginal_2,10,4,42,0,3,11,28,1.6813460490539e-07
marginal_2,10,5,46,1,4,12,29,9.938556644328855e-08
marginal_2,10,6,54,1,5,15,33,9.570815251436215e-08
marginal_2,11,0,51,1,5,14,31,1.0716496490204008e-07
marginal_2,11,1,51,1,5,14,31,1.0673733186195022e-07
marginal_2,11,2,51,1,5,14,31,9.882467821853425e-08
marginal_2,11,3,53,1,6,15,31,1.0925517557325293e-07
marginal_2,11,4,29,0,1,6,22,1.322472940046282e-07
marginal_2,11,5,43,1,4,11,27,9.490003094470012e-08
marginal_2,11,6,54,1,5,15,33,1.1227419349779666e-07
marginal_2,12,0,40,0,2,10,28,1.2643798186218191e-07
marginal_2,12,1,40,0,2,10,28,1.2953303496487933e-07
marginal_2,12,2,40,0,2,10,28,1.5162959243752994e-07
marginal_2,12,3,46,0,3,12,31,5.860586611561303e-07
marginal_2,12,4,37,0,2,9,26,1.0009951267875294e-07
marginal_2,12,5,31,0,1,7,23,1.0169165420848003e-07
marginal_2,12,6,42,0,2,10,30,2.232378761846121e-07
marginal_2,13,0,44,0,3,12,29,4.1370671510776447e-07
marginal_2,13,1,44,0,3,12,29,3.859281889617705e-07
marginal_2,13,2,47,0,3,13,31,2.0514127641035884e-07
marginal_2,13,3,45,0,3,12,30,2.679953468032181e-07
marginal_2,13,4,38,0,2,10,26,1.8517064859224774e-07
marginal_2,13,5,48,0,3,13,32,3.170599711666e-07
marginal_2,13,6,45,0,3,12,30,4.070771524311567e-07
marginal_2,14,0,47,0,3,13,31,5.736970933867269e-07
marginal_2,14,1,46,0,3,13,30,5.388604336076241e-07
marginal_2,14,2,47,0,3,13,31,5.894865466871124e-07
marginal_2,14,3,44,0,3,12,29,4.2286018242521095e-07
marginal_2,14,4,46,0,3,12,31,3.8383080891435384e-07
marginal_2,14,5,48,0,3,13,32,3.495177622880874e-07
marginal_2,14,6,47,0,3,13,31,2.2704467994572042e-07
marginal_2,15,0,47,0,3,13,31,1.565554015314774e-07
marginal_2,15,1,47,0,3,13,31,1.2581909913933487e-07
marginal_2,15,2,47,0,3,13,31,1.8355372333189734e-07
marginal_2,15,3,49,0,3,13,33,4.2278344380974886e-07
marginal_2,15,4,47,0,3,13,31,1.9667841399950703e-07
marginal_2,15,5,45,0,3,12,30,1.0715373122138772e-07
marginal_2,15,6,47,0,3,13,31,9.581846427408891e-08
marginal_2,16,0,48,0,3,13,32,9.881976836823014e-08
marginal_2,16,1,48,0,3,13,32,9.432567793510316e-08
marginal_2,16,2,48,0,3,13,32,1.1223943374716328e-07
marginal_2,16,3,47,0,3,13,31,1.0929718996521842e-07
marginal_2,16,4,38,0,2,10,26,2.4487297878295067e-07
marginal_2,16,5,48,0,3,13,32,2.027870351639649e-07
marginal_2,16,6,44,0,3,12,29,1.2520003167537652e-07
marginal_2,17,0,43,0,2,11,30,8.150395842676517e-07
marginal_2,17,1,43,0,2,11,30,6.865749355711159e-07
marginal_2,17,2,43,0,2,11,30,7.467206160072237e-07
marginal_2,17,3,48,0,3,13,32,2.2134230448500603e-07
marginal_2,17,4,39,0,2,10,27,3.2121428716891387e-07
marginal_2,17,5,39,0,2,10,27,1.5457825952580606e-07
marginal_2,17,6,43,0,2,11,30,1.0733614175251205e-07
marginal_2,18,0,30,0,1,7,22,1.579245179073041e-07
marginal_2,18,1,31,0,1,7,23,1.4415894611374824e-07
marginal_2,18,2,31,0,1,7,23,1.5557706944946403e-07
marginal_2,18,3,50,1,5,14,30,1.0277615558607067e-07
marginal_2,18,4,30,0,1,7,22,1.579245179073041e-07
marginal_2,18,5,42,1,4,11,26,1.0321107168920207e-07
marginal_2,18,6,44,0,3,12,29,1.394361959228263e-07
marginal_2,19,0,58,1,6,17,34,8.289426745022865e-08
marginal_2,19,1,58,1,6,17,34,8.321156030888233e-08
marginal_2,19,2,59,1,6,17,35,7.815378211262214e-08
marginal_2,19,3,56,1,6,16,33,9.294483760413641e-08
marginal_2,19,4,59,1,6,17,35,8.347923596829787e-08
marginal_2,19,5,57,1,6,16,34,7.931167544938944e-08
marginal_2,19,6,57,1,6,17,33,7.65849605954827e-08
noisy_3,0,,61,1,6,18,36,1.0056396604340989e-07
noisy_3,1,,57,1,6,17,33,1.0334424871416559e-07
noisy_3,2,,58,1,6,17,34,1.0179186205050428e-07
noisy_3,3,,63,1,6,18,38,7.869765994428235e-08
noisy_3,4,,60,1,6,16,37,9.667194689200187e-08
noisy_3,5,,62,1,6,17,38,1.0962681784576489e-07
noisy_3,6,,46,0,3,13,30,1.1627063400965199e-07
noisy_3,7,,56,1,5,16,34,1.1782337594468117e-07
noisy_3,8,,63,1,6,18,38,9.887330065794231e-08
noisy_3,9,,27,0,1,6,20,1.2231373602844542e-07
noisy_3,10,,59,1,6,17,35,9.875412843030063e-08
noisy_3,11,,61,1,6,18,36,1.0573923958645537e-07
noisy_3,12,,42,0,2,11,29,1.6089579446543212e-07
noisy_3,13,,44,0,3,12,29,3.6137828374194214e-07
noisy_3,14,,54,1,5,15,33,9.303637682478438e-08
noisy_3,15,,57,1,6,16,34,9.931282818342879e-08
noisy_3,16,,48,0,3,13,32,2.3497247525483544e-07
noisy_3,17,,61,1,6,17,37,9.02744758946028e-08
noisy_3,18,,42,0,2,11,29,1.1404790001279252e-07
noisy_3,19,,62,1,7,18,36,8.230635017980603e-08
filtered_3,0,,61,1,6,18,36,1.0056396604340989e-07
filtered_3,1,,57,1,6,17,33,1.0334424871416559e-07
filtered_3,2,,59,1,6,17,35,1.0208178480297647e-07
filtered_3,3,,61,1,6,17,37,9.29342149902368e-08
filtered_3,4,,61,1,6,17,37,1.0910314074408234e-07
filtered_3,5,,62,1,6,18,37,1.043090165353533e-07
filtered_3,6,,56,1,5,16,34,9.359159491850733e-08
filtered_3,7,,54,1,5,15,33,1.090344881049532e-07
filtered_3,8,,41,0,2,11,28,1.140094099127964e-07
filtered_3,9,,37,0,2,9,26,9.171135673113895e-08
filtered_3,10,,45,0,3,12,30,1.2817730521419435e-07
filtered_3,11,,54,1,5,15,33,1.0160778884937827e-07
filtered_3,12,,54,1,5,15,33,9.232068265419002e-08
filtered_3,13,,46,0,3,12,31,1.852761357667987e-07
filtered_3,14,,47,0,3,12,32,2.398822687155189e-07
filtered_3,15,,49,0,3,13,33,3.173464051542396e-07
filtered_3,16,,47,0,3,13,31,1.1413570888407776e-07
filtered_3,17,,48,0,3,13,32,8.089509861974875e-08
filtered_3,18,,52,1,5,14,32,1.0570128239351106e-07
filtered_3,19,,59,1,6,17,35,8.605086065927026e-08
marginal_3,0,0,61,1,6,18,36,1.0056396604340989e-07
marginal_3,0,1,61,1,6,18,36,1.0056396604340989e-07
marginal_3,0,2,61,1,6,18,36,1.0056396604340989e-07
marginal_3,0,3,60,1,6,17,36,1.0387542204171041e-07
marginal_3,0,4,60,1,6,18,35,9.750213081360926e-08
marginal_3,0,5,61,1,6,18,36,1.0056396604340989e-07
marginal_3,0,6,57,1,6,17,33,1.0142004214230838e-07
marginal_3,1,0,57,1,6,17,33,1.0334424871416559e-07
marginal_3,1,1,57,1,6,17,33,1.0334424871416559e-07
marginal_3,1,2,57,1,6,17,33,1.0334424871416559e-07
marginal_3,1,3,61,1,6,18,36,9.064079620202392e-08
marginal_3,1,4,58,1,6,17,34,8.163150511109052e-08
marginal_3,1,5,58,1,6,17,34,8.297448772509597e-08
marginal_3,1,6,60,1,6,17,36,9.215786889171795e-08
marginal_3,2,0,59,1,6,17,35,1.0208178480297647e-07
marginal_3,2,1,59,1,6,17,35,9.695092728634336e-08
marginal_3,2,2,59,1,6,17,35,1.0026376173755125e-07
marginal_3,2,3,61,1,6,18,36,9.562180736111259e-08
marginal_3,2,4,62,1,6,18,37,1.1577737524248732e-07
marginal_3,2,5,58,1,6,17,34,9.793129862600836e-08
marginal_3,2,6,58,1,6,16,35,8.675378637690301e-08
marginal_3,3,0,61,1,6,17,37,9.29342149902368e-08
marginal_3,3,1,61,1,6,17,37,8.689768549174914e-08
marginal_3,3,2,61,1,6,17,37,8.514121674352282e-08
marginal_3,3,3,60,1,6,16,37,9.161023939441293e-08
marginal_3,3,4,60,1,6,17,36,8.851353072714119e-08
marginal_3,3,5,59,1,6,16,36,8.987522903680656e-08
marginal_3,3,6,62,1,6,18,37,9.674288747874016e-08
marginal_3,4,0,61,1,6,17,37,1.0910314074408234e-07
marginal_3,4,1,61,1,6,17,37,9.902009168172299e-08
marginal_3,4,2,61,1,6,17,37,1.0557372576158741e-07
marginal_3,4,3,60,1,6,16,37,9.889038921073734e-08
marginal_3,4,4,62,1,6,18,37,1.1073144889905961e-07
marginal_3,4,5,60,1,6,17,36,1.0492075830370595e-07
marginal_3,4,6,63,1,6,18,38,9.022155467164339e-08
marginal_3,5,0,62,1,6,18,37,1.043090165353533e-07
marginal_3,5,1,62,1,6,18,37,9.891716246102078e-08
marginal_3,5,2,62,1,6,18,37,1.0305463149506977e-07
marginal_3,5,3,61,1,6,17,37,9.563365921394507e-08
marginal_3,5,4,57,1,5,16,35,1.0010771234192362e-07
marginal_3,5,5,60,1,6,17,36,1.1251609066675883e-07
marginal_3,5,6,57,1,5,16,35,1.0753091572723861e-07
marginal_3,6,0,56,1,5,16,34,9.359159491850733e-08
marginal_3,6,1,56,1,5,16,34,9.297279035536121e-08
marginal_3,6,2,56,1,5,16,34,8.918877369978873e-08
marginal_3,6,3,57,1,5,16,35,8.239868520831806e-08
marginal_3,6,4,54,1,5,15,33,9.412724466528744e-08
marginal_3,6,5,56,1,5,16,34,9.532714528859287e-08
marginal_3,6,6,57,1,5,16,35,1.0401547001492872e-07
marginal_3,7,0,54,1,5,15,33,1.090344881049532e-07
marginal_3,7,1,54,1,5,15,33,1.1126488175250415e-07
marginal_3,7,2,54,1,5,15,33,1.033666521266241e-07
marginal_3,7,3,56,1,5,16,34,1.1687431111795377e-07
marginal_3,7,4,47,0,3,13,31,1.2552636974305642e-07
marginal_3,7,5,47,0,3,13,31,1.2999069554098241e-07
marginal_3,7,6,57,1,5,16,35,1.2071512855982292e-07
marginal_3,8,0,41,0,2,11,28,1.140094099127964e-07
marginal_3,8,1,41,0,2,11,28,1.268643217144927e-07
marginal_3,8,2,41,0,2,11,28,9.852605131754899e-08
marginal_3,8,3,47,0,3,13,31,2.2262457832766813e-07
marginal_3,8,4,39,0,2,10,27,7.914639610362428e-08
marginal_3,8,5,37,0,2,10,25,8.915523608266085e-08
marginal_3,8,6,41,0,2,11,28,8.423904063192822e-08
marginal_3,9,0,37,0,2,9,26,9.171135673113895e-08
marginal_3,9,1,37,0,2,9,26,9.575273196560374e-08
marginal_3,9,2,37,0,2,9,26,9.171135673113895e-08
marginal_3,9,3,40,0,2,10,28,1.1298894264655246e-07
marginal_3,9,4,37,0,2,9,26,9.075321116824853e-08
marginal_3,9,5,36,0,2,9,25,8.985005450767858e-08
marginal_3,9,6,40,0,2,10,28,2.999787227508932e-07
marginal_3,10,0,45,0,3,12,30,1.2817730521419435e-07
marginal_3,10,1,45,0,3,12,30,1.2229504875449493e-07
marginal_3,10,2,45,0,3,12,30,1.3638309326324816e-07
marginal_3,10,3,54,1,5,15,33,9.449994564647568e-08
marginal_3,10,4,38,0,2,9,27,1.6216441167671292e-07
marginal_3,10,5,42,0,3,11,28,9.666938183272578e-08
marginal_3,10,6,45,0,3,12,30,9.391281707848975e-08
marginal_3,11,0,54,1,5,15,33,1.0160778884937827e-07
marginal_3,11,1,54,1,5,15,33,9.326056726877141e-08
marginal_3,11,2,54,1,5,15,33,1.119363020052333e-07
marginal_3,11,3,57,1,6,16,34,1.1824885604028168e-07
marginal_3,11,4,54,1,5,15,33,9.83352705929974e-08
marginal_3,11,5,57,1,6,16,34,1.118838639513342e-07
marginal_3,11,6,55,1,5,15,34,1.0375614323265836e-07
marginal_3,12,0,54,1,5,15,33,9.232068265419002e-08
marginal_3,12,1,55,1,5,15,34,8.787704786072936e-08
marginal_3,12,2,54,1,5,15,33,1.0597666033618225e-07
marginal_3,12,3,54,1,5,15,33,1.0260173155529628e-07
marginal_3,12,4,45,0,3,12,30,2.8272467034184956e-07
marginal_3,12,5,54,1,5,15,33,1.0189680921257604e-07
marginal_3,12,6,54,1,5,15,33,9.739549255982638e-08
marginal_3,13,0,46,0,3,12,31,1.852761357667987e-07
marginal_3,13,1,47,0,3,12,32,1.8773857846099418e-07
marginal_3,13,2,46,0,3,12,31,1.9647305293801764e-07
marginal_3,13,3,54,1,5,15,33,7.232484477981416e-08
marginal_3,13,4,46,0,3,13,30,2.5787943513932987e-07
marginal_3,13,5,46,0,3,12,31,3.371271475316462e-07
marginal_3,13,6,46,0,3,12,31,2.1736181565756851e-07
marginal_3,14,0,47,0,3,12,32,2.398822687155189e-07
marginal_3,14,1,48,0,3,12,33,2.807718999520148e-07
marginal_3,14,2,47,0,3,12,32,2.34046240166208e-07
marginal_3,14,3,54,1,5,15,33,9.806575462789624e-08
marginal_3,14,4,47,0,3,13,31,2.731920858423109e-07
marginal_3,14,5,54,1,5,15,33,8.58260378322484e-08
marginal_3,14,6,49,0,3,13,33,5.412408086158393e-07
marginal_3,15,0,49,0,3,13,33,3.173464051542396e-07
marginal_3,15,1,49,0,3,13,33,3.3175621183545445e-07
marginal_3,15,2,49,0,3,13,33,2.9646406574102e-07
marginal_3,15,3,47,0,3,13,31,1.5640188166798907e-07
marginal_3,15,4,54,1,5,15,33,1.0242292347584225e-07
marginal_3,15,5,54,1,5,15,33,9.723662230953778e-08
marginal_3,15,6,49,0,3,13,33,1.7020155951286142e-07
marginal_3,16,0,47,0,3,13,31,1.1413570888407776e-07
marginal_3,16,1,48,0,3,13,32,1.0759089263956412e-07
marginal_3,16,2,47,0,3,13,31,1.2273535787699075e-07
marginal_3,16,3,52,0,3,14,35,1.6562920279739046e-07
marginal_3,16,4,47,0,3,13,31,1.2144083427756414e-07
marginal_3,16,5,47,0,3,13,31,1.1138220656903286e-07
marginal_3,16,6,47,0,3,13,31,1.6561402560455463e-07
marginal_3,17,0,48,0,3,13,32,8.089509861974875e-08
marginal_3,17,1,48,0,3,13,32,8.441565313432875e-08
marginal_3,17,2,48,0,3,13,32,8.749920255013421e-08
marginal_3,17,3,47,0,3,13,31,8.354396641152562e-08
marginal_3,17,4,43,0,2,11,30,1.0430039054654117e-07
marginal_3,17,5,48,0,3,13,32,3.497869727198122e-07
marginal_3,17,6,48,0,3,13,32,1.2380863267935638e-07
marginal_3,18,0,52,1,5,14,32,1.0570128239351106e-07
marginal_3,18,1,48,0,3,13,32,1.6774082212123176e-07
marginal_3,18,2,52,1,5,14,32,1.0214919399231803e-07
marginal_3,18,3,54,1,5,15,33,9.107904475058604e-08
marginal_3,18,4,44,0,3,12,29,1.5421666432757775e-07
marginal_3,18,5,50,1,5,14,30,9.920976395960679e-08
marginal_3,18,6,48,0,3,13,32,1.4597146957839868e-07
marginal_3,19,0,59,1,6,17,35,8.605086065927026e-08
marginal_3,19,1,59,1,6,17,35,9.246123511275073e-08
marginal_3,19,2,59,1,6,17,35,9.253629684735643e-08
marginal_3,19,3,63,1,7,19,36,9.298961600734401e-08
marginal_3,19,4,56,1,6,16,33,8.435760889824451e-08
marginal_3,19,5,59,1,6,17,35,9.793639321742376e-08
marginal_3,19,6,58,1,6,17,34,8.816260077537663e-08
noisy_4,0,,61,1,6,17,37,9.919264698510233e-08
noisy_4,1,,58,1,6,17,34,8.931849038162909e-08
noisy_4,2,,62,1,6,18,37,9.023310809652685e-08
noisy_4,3,,57,1,5,16,35,9.804197986795771e-08
noisy_4,4,,59,1,6,16,36,9.197692918405664e-08
noisy_4,5,,63,1,6,17,39,1.0722350651803936e-07
noisy_4,6,,38,0,2,10,26,1.1230550711616161e-07
noisy_4,7,,57,1,5,16,35,9.106958032134571e-08
noisy_4,8,,63,1,6,17,39,9.843372339446432e-08
noisy_4,9,,40,0,2,10,28,1.3624146788515645e-07
noisy_4,10,,57,1,6,16,34,1.0048191256828432e-07
noisy_4,11,,56,1,6,17,32,1.0817149131980841e-07
noisy_4,12,,49,0,3,13,33,2.7182449002793874e-07
noisy_4,13,,40,0,2,10,28,2.097076503559947e-07
noisy_4,14,,54,1,5,15,33,9.161197311868818e-08
noisy_4,15,,57,1,6,16,34,9.9511012763287e-08
noisy_4,16,,48,0,3,13,32,2.625596380312345e-07
noisy_4,17,,60,1,6,17,36,8.229878289967019e-08
noisy_4,18,,42,0,2,11,29,1.3840488577443466e-07
noisy_4,19,,56,1,6,16,33,9.13539892621884e-08
filtered_4,0,,61,1,6,17,37,1.0574250808303987e-07
filtered_4,1,,57,1,6,17,33,1.0334424871416559e-07
filtered_4,2,,59,1,6,17,35,1.0255189408781007e-07
filtered_4,3,,60,1,6,17,36,9.29028090013162e-08
filtered_4,4,,60,1,6,17,36,9.436876524659965e-08
filtered_4,5,,57,1,5,16,35,1.1608030092702393e-07
filtered_4,6,,57,1,5,16,35,8.890304314945752e-08
filtered_4,7,,57,1,5,16,35,1.0861632659953102e-07
filtered_4,8,,47,0,3,13,31,2.171581030552261e-07
filtered_4,9,,45,0,3,12,30,1.1893894225067925e-07
filtered_4,10,,50,1,5,14,30,1.0309729248092481e-07
filtered_4,11,,53,1,6,15,31,1.1910820063576466e-07
filtered_4,12,,46,0,3,12,31,1.845064332428592e-07
filtered_4,13,,46,0,3,13,30,2.2747886418983398e-07
filtered_4,14,,46,0,3,12,31,4.0267369172397594e-07
filtered_4,15,,46,0,3,12,31,1.141382668379265e-07
filtered_4,16,,47,0,3,13,31,1.5471410108602868e-07
filtered_4,17,,48,0,3,13,32,7.726295336851763e-08
filtered_4,18,,50,1,5,14,30,9.499495234877031e-08
filtered_4,19,,58,1,6,16,35,9.419546387334776e-08
marginal_4,0,0,61,1,6,17,37,1.0574250808303987e-07
marginal_4,0,1,61,1,6,17,37,1.0308657749646954e-07
marginal_4,0,2,60,1,6,17,36,1.0391851645863426e-07
marginal_4,0,3,61,1,6,17,37,1.0710481745945799e-07
marginal_4,0,4,57,1,6,16,34,1.0202843014894825e-07
marginal_4,0,5,62,1,6,17,38,9.884237783808203e-08
marginal_4,0,6,58,1,6,16,35,1.043201436345953e-07
marginal_4,1,0,57,1,6,17,33,1.0334424871416559e-07
marginal_4,1,1,57,1,6,17,33,1.0334424871416559e-07
marginal_4,1,2,57,1,6,17,33,1.0334424871416559e-07
marginal_4,1,3,60,1,6,17,36,9.486047503060036e-08
marginal_4,1,4,58,1,6,17,34,9.322902627673102e-08
marginal_4,1,5,58,1,6,17,34,9.457851035676867e-08
marginal_4,1,6,58,1,6,16,35,1.0428721708422017e-07
marginal_4,2,0,59,1,6,17,35,1.0255189408781007e-07
marginal_4,2,1,59,1,6,17,35,9.923054733462777e-08
marginal_4,2,2,59,1,6,17,35,9.988870175448028e-08
marginal_4,2,3,59,1,6,17,35,1.0443816478300505e-07
marginal_4,2,4,62,1,6,18,37,8.500934001176574e-08
marginal_4,2,5,58,1,6,17,34,9.854730365077558e-08
marginal_4,2,6,58,1,6,16,35,7.739777174720075e-08
marginal_4,3,0,60,1,6,17,36,9.29028090013162e-08
marginal_4,3,1,60,1,6,17,36,1.0176076159496006e-07
marginal_4,3,2,60,1,6,17,36,9.519752808273552e-08
marginal_4,3,3,62,1,6,18,37,8.800338235914751e-08
marginal_4,3,4,62,1,6,18,37,8.831972309053526e-08
marginal_4,3,5,60,1,6,16,37,9.127537481390391e-08
marginal_4,3,6,59,1,6,17,35,8.943366225366844e-08
marginal_4,4,0,60,1,6,17,36,9.436876524659965e-08
marginal_4,4,1,60,1,6,17,36,1.0129121363888771e-07
marginal_4,4,2,60,1,6,17,36,1.0904125247179763e-07
marginal_4,4,3,60,1,6,16,37,1.0245916826079338e-07
marginal_4,4,4,62,1,6,18,37,1.046150259753631e-07
marginal_4,4,5,58,1,6,17,34,1.0766152769292603e-07
marginal_4,4,6,63,1,6,18,38,9.061558614575915e-08
marginal_4,5,0,57,1,5,16,35,1.1608030092702393e-07
marginal_4,5,1,57,1,5,16,35,1.024344129518795e-07
marginal_4,5,2,57,1,5,16,35,1.0177519271792335e-07
marginal_4,5,3,64,1,6,18,39,1.0564928487610814e-07
marginal_4,5,4,57,1,5,16,35,1.0513695514191568e-07
marginal_4,5,5,62,1,6,18,37,9.770341335979538e-08
marginal_4,5,6,57,1,5,16,35,1.0207905631887115e-07
marginal_4,6,0,57,1,5,16,35,8.890304314945752e-08
marginal_4,6,1,57,1,5,16,35,8.78178667562679e-08
marginal_4,6,2,57,1,5,16,35,8.162332676420192e-08
marginal_4,6,3,57,1,5,16,35,1.026019802452538e-07
marginal_4,6,4,54,1,5,15,33,9.645363974186694e-08
marginal_4,6,5,57,1,5,16,35,8.739394985468607e-08
marginal_4,6,6,58,1,5,16,36,9.304987713676383e-08
marginal_4,7,0,57,1,5,16,35,1.0861632659953102e-07
marginal_4,7,1,57,1,5,16,35,1.2268563409634226e-07
marginal_4,7,2,57,1,5,16,35,1.077861142562142e-07
marginal_4,7,3,56,1,5,16,34,1.150914386016666e-07
marginal_4,7,4,48,0,3,13,32,1.5446008205799444e-07
marginal_4,7,5,57,1,5,16,35,1.080294822486394e-07
marginal_4,7,6,57,1,5,16,35,1.1129932175890644e-07
marginal_4,8,0,47,0,3,13,31,2.171581030552261e-07
marginal_4,8,1,47,0,3,13,31,2.0087449570382887e-07
marginal_4,8,2,47,0,3,13,31,2.242624219661593e-07
marginal_4,8,3,57,1,5,16,35,9.565809477862786e-08
marginal_4,8,4,47,0,3,13,31,1.2802381377241545e-07
marginal_4,8,5,47,0,3,13,31,1.4308194806744723e-07
marginal_4,8,6,48,0,3,13,32,1.1093732155131875e-07
marginal_4,9,0,45,0,3,12,30,1.1893894225067925e-07
marginal_4,9,1,46,0,3,12,31,1.3463541392866318e-07
marginal_4,9,2,45,0,3,12,30,1.2623299028291513e-07
marginal_4,9,3,45,0,3,12,30,1.3223501582615427e-07
marginal_4,9,4,40,0,2,10,28,7.887642254900129e-07
marginal_4,9,5,38,0,2,9,27,2.402790073574579e-07
marginal_4,9,6,46,0,3,12,31,1.7367541715884727e-07
marginal_4,10,0,50,1,5,14,30,1.0309729248092481e-07
marginal_4,10,1,50,1,5,14,30,9.832228187178771e-08
marginal_4,10,2,50,1,5,14,30,1.044035826680556e-07
marginal_4,10,3,53,1,6,15,31,1.0557518947962308e-07
marginal_4,10,4,42,0,3,11,28,1.281810000364203e-07
marginal_4,10,5,34,0,2,8,24,7.714461958130414e-08
marginal_4,10,6,54,1,5,15,33,1.0006229445025383e-07
marginal_4,11,0,53,1,6,15,31,1.1910820063576466e-07
marginal_4,11,1,53,1,6,15,31,1.1783252773511776e-07
marginal_4,11,2,53,1,6,15,31,1.22856548046002e-07
marginal_4,11,3,56,1,6,16,33,1.099615829502909e-07
marginal_4,11,4,52,1,5,14,32,1.0088152890830315e-07
marginal_4,11,5,43,1,4,11,27,1.0307716280522072e-07
marginal_4,11,6,57,1,6,16,34,1.1248714315570396e-07
marginal_4,12,0,46,0,3,12,31,1.845064332428592e-07
marginal_4,12,1,46,0,3,12,31,1.8200141482793697e-07
marginal_4,12,2,45,0,3,12,30,1.9157712927153625e-07
marginal_4,12,3,53,1,5,15,32,9.685887647492564e-08
marginal_4,12,4,47,0,3,12,32,4.2639700836843986e-07
marginal_4,12,5,43,0,3,11,29,1.8185650674240605e-07
marginal_4,12,6,45,0,3,12,30,2.9609429930133047e-07
marginal_4,13,0,46,0,3,13,30,2.2747886418983398e-07
marginal_4,13,1,46,0,3,13,30,2.4302281076415966e-07
marginal_4,13,2,46,0,3,13,30,1.998609207021218e-07
marginal_4,13,3,46,0,3,12,31,2.0797112654236116e-07
marginal_4,13,4,40,0,2,10,28,2.1067299371679837e-07
marginal_4,13,5,48,0,3,13,32,3.7209420611361566e-07
marginal_4,13,6,45,0,3,12,30,4.6028898736949486e-07
marginal_4,14,0,46,0,3,12,31,4.0267369172397594e-07
marginal_4,14,1,46,0,3,12,31,4.044538854941493e-07
marginal_4,14,2,46,0,3,12,31,3.9271051832656667e-07
marginal_4,14,3,47,0,3,12,32,6.571793278453697e-07
marginal_4,14,4,44,0,3,12,29,3.7440352684825484e-07
marginal_4,14,5,47,0,3,12,32,2.520083626222913e-07
marginal_4,14,6,49,0,3,13,33,2.411244395261747e-07
marginal_4,15,0,46,0,3,12,31,1.141382668379265e-07
marginal_4,15,1,46,0,3,12,31,1.1313960612824303e-07
marginal_4,15,2,49,0,3,13,33,1.3531170850455965e-07
marginal_4,15,3,44,0,3,12,29,1.0457240051664485e-07
marginal_4,15,4,49,0,3,13,33,1.1237970198862968e-07
marginal_4,15,5,49,0,3,13,33,1.2678555094680632e-07
marginal_4,15,6,49,0,3,13,33,1.3550204869261506e-07
marginal_4,16,0,47,0,3,13,31,1.5471410108602868e-07
marginal_4,16,1,47,0,3,13,31,1.531342235239208e-07
marginal_4,16,2,47,0,3,13,31,1.3468678616845864e-07
marginal_4,16,3,49,0,3,13,33,3.214395007944404e-07
marginal_4,16,4,45,0,3,12,30,1.3567444057116518e-07
marginal_4,16,5,48,0,3,13,32,1.7783936812065804e-07
marginal_4,16,6,47,0,3,13,31,8.541551466123565e-08
marginal_4,17,0,48,0,3,13,32,7.726295336851763e-08
marginal_4,17,1,48,0,3,13,32,8.249294580764399e-08
marginal_4,17,2,48,0,3,13,32,7.591939521489621e-08
marginal_4,17,3,50,0,3,14,33,8.305660514906776e-08
marginal_4,17,4,48,0,3,13,32,8.35754576655745e-08
marginal_4,17,5,48,0,3,13,32,3.91791928677776e-07
marginal_4,17,6,47,0,3,13,31,1.083769021192893e-07
marginal_4,18,0,50,1,5,14,30,9.499495234877031e-08
marginal_4,18,1,50,1,5,14,30,1.060985539425019e-07
marginal_4,18,2,50,1,5,14,30,9.826853641925481e-08
marginal_4,18,3,54,1,6,15,32,1.1402632082990749e-07
marginal_4,18,4,34,0,1,8,25,3.4197208265140944e-07
marginal_4,18,5,42,1,4,11,26,1.0115835635815529e-07
marginal_4,18,6,54,1,5,15,33,9.877135909164281e-08
marginal_4,19,0,58,1,6,16,35,9.419546387334776e-08
marginal_4,19,1,57,1,6,16,34,9.356980257280156e-08
marginal_4,19,2,57,1,6,16,34,8.999603551274049e-08
marginal_4,19,3,57,1,6,16,34,8.812921947765062e-08
marginal_4,19,4,59,1,6,17,35,8.311872790045527e-08
marginal_4,19,5,58,1,6,16,35,8.286401964596735e-08
marginal_4,19,6,60,1,6,17,36,8.316945354636118e-08
